{"cameraMode":{"drawMode":0,"name":"Shaded","section":"Shading Mode"},"sceneLighting":false,"audioPlay":false,"sceneViewState":{"showFog":true,"showMaterialUpdate":false,"showSkybox":false,"showFlares":true,"showImageEffects":true,"showParticleSystems":true},"in2DMode":false,"pivot":{"x":1.1799999475479127,"y":2.069999933242798,"z":-2.6500000953674318},"rotation":{"x":-0.2665106952190399,"y":-0.06009826809167862,"z":0.01665237545967102,"w":-0.961815357208252},"size":0.1814236044883728,"orthographic":false}